rmse,r2,n_samples
1.0450854270674945,0.8032092372085915,1000
